{
	"polish": {

		"alphabet" : "nucleotide",

		"hmm" : {
			"type" : 2,

			"emissionsType" : 0,

			"transitions": [
				0.900000, 0.050000, 0.050000,
				0.500000, 0.500000, 0.000000,
				0.500000, 0.000000, 0.500000
			],

			"emissions": [
				0.8, 0.066666, 0.066666, 0.066666,
				0.066666, 0.8, 0.066666, 0.066666,
				0.066666, 0.066666, 0.8, 0.066666,
				0.066666, 0.066666, 0.066666, 0.8,

				0.025000, 0.025000, 0.025000, 0.025000,
				0.025000, 0.025000, 0.025000, 0.025000,
				0.025000, 0.025000, 0.025000, 0.025000,
				0.025000, 0.025000, 0.025000, 0.025000,

				0.025000, 0.025000, 0.025000, 0.025000,
				0.025000, 0.025000, 0.025000, 0.025000,
				0.025000, 0.025000, 0.025000, 0.025000,
				0.025000, 0.025000, 0.025000, 0.025000
			]
		},

		"hmmConditional" : {
			"type" : 2,

			"emissionsType" : 0,

			"transitions": [
				0.900000, 0.050000, 0.050000,
				0.500000, 0.500000, 0.000000,
				0.500000, 0.000000, 0.500000
			],

			"emissions": [
				0.8, 0.066666, 0.066666, 0.066666,
				0.066666, 0.8, 0.066666, 0.066666,
				0.066666, 0.066666, 0.8, 0.066666,
				0.066666, 0.066666, 0.066666, 0.8,

				0.025000, 0.025000, 0.025000, 0.025000,
				0.025000, 0.025000, 0.025000, 0.025000,
				0.025000, 0.025000, 0.025000, 0.025000,
				0.025000, 0.025000, 0.025000, 0.025000,

				0.025000, 0.025000, 0.025000, 0.025000,
				0.025000, 0.025000, 0.025000, 0.025000,
				0.025000, 0.025000, 0.025000, 0.025000,
				0.025000, 0.025000, 0.025000, 0.025000
			]
		},

		"useRunLengthEncoding" : false,

		"includeSoftClipping" : false,

		"chunkSize" : 1000,

		"chunkBoundary" : 50,

		"maxDepth" : 64,

		"referenceBasePenalty" : 0.5,

		"poaConstructCompareRepeatCounts" : true,

		"minPosteriorProbForAlignmentAnchors" : [ 0.9, 10, 0.95, 4, 0.99, 0 ],

		"candidateVariantWeight" : 0.18,

		"columnAnchorTrim" : 5,

		"maxConsensusStrings" : 100,

		"maxPoaConsensusIterations" : 0,

		"minPoaConsensusIterations" : 0,

		"maxRealignmentPolishIterations" : 2,

		"minRealignmentPolishIterations" : 2,

		"minReadsToCallConsensus" : 5,

		"filterReadsWhileHaveAtLeastThisCoverage" : 15,

		"hetScalingParameter" : 1.0,

		"alleleStrandSkew" : 1.5,

		"useOnlySubstitutionsForPhasing" : true,

		"minAvgBaseQuality" : 10,

		"pairwiseAlignmentParameters" : {
			"threshold" : 0.01,
			"minDiagsBetweenTraceBack" : 10000,
			"traceBackDiagonals" : 40,
			"diagonalExpansion" : 10,
			"constraintDiagonalTrim" : 0,
			"splitMatrixBiggerThanThis" : 250000000,
			"alignAmbiguityCharacters" : false,
			"dynamicAnchorExpansion" : true,
			"gapGamma" : 0.5
		}
	},
	"phase" : {

		"maxNotSumTransitions" : true,

		"minPartitionsInAColumn" : 100,

		"maxPartitionsInAColumn" : 100,

		"minPosteriorProbabilityForPartition" : 0.0,

		"maxCoverageDepth" : 64,

		"minReadCoverageToSupportPhasingBetweenHeterozygousSites" : 2,

		"roundsOfIterativeRefinement": 10,

		"verbose" : 0
	}
}
