{
  "alphabet" : [ "Aa", "Cc", "Gg", "Tt", "-" ],

  "wildcard" : "Nn",

  "haplotypeSubstitutionModel" : [
    0.9993, 0.0001, 0.0004, 0.0001, 0.0001,
    0.0001, 0.9993, 0.0001, 0.0004, 0.0001,
    0.0004, 0.0001, 0.9993, 0.0001, 0.0001,
    0.0001, 0.0004, 0.0001, 0.9993, 0.0001,
    0.0001, 0.0001, 0.0001, 0.0001, 0.9996
  ],

  "readErrorModel" : [
    0.97902918,    0.00789364,    0.00654675,    0.00636584,    0.00016459,
    0.01054101,    0.97140070,    0.00847534,    0.00937826,    0.00020470,
    0.00933272,    0.00864828,    0.97140323,    0.01041951,    0.00019626,
    0.00634048,    0.00651913,    0.00797433,    0.97899968,    0.00016638,
    0.00961502,    0.00961502,    0.00961502,    0.00961502,    0.96153992
  ],

  "maxNotSumTransitions" : true,

  "minPartitionsInAColumn" : 100,

  "maxPartitionsInAColumn" : 100,

  "minPosteriorProbabilityForPartition" : 0.0,

  "maxCoverageDepth" : 64,

  "minReadCoverageToSupportPhasingBetweenHeterozygousSites" : 2,

  "onDiagonalReadErrorPseudoCount" : 1000,

  "offDiagonalReadErrorPseudoCount" : 10,

  "trainingIterations" : 0,

  "estimateReadErrorProbsEmpirically" : false,

  "filterBadReads" : false,

  "filterMatchThreshold" : 0.9,

  "useReferencePrior" : true,

  "includeInvertedPartitions" : true,

  "filterLikelyHomozygousSites" : true,

  "minSecondMostFrequentBaseFilter" : 0,

  "minSecondMostFrequentBaseLogProbFilter" : 20,

  "gapCharactersForDeletions" : true,

  "filterAReadWithAnyOneOfTheseSamFlagsSet" : 3840,

  "compareVCFs" : false,

  "writeGVCF" : false,

  "roundsOfIterativeRefinement": 10,

  "verbose" : 0
}