{
  "alphabet" : [ "Aa", "Cc", "Gg", "Tt", "-" ],

  "wildcard" : "Nn",

  "haplotypeSubstitutionModel" : [
            0.999, 0.000323, 0.000323, 0.000323, 0.00003,
            0.000323, 0.999, 0.000323, 0.000323, 0.00003,
            0.000323, 0.000323, 0.999, 0.000323, 0.00003,
            0.000323, 0.000323, 0.000323, 0.999, 0.00003,
            0.00025, 0.00025, 0.00025, 0.00025, 0.999 
  ],

  "readErrorModel" : [
            0.987559, 0.005055, 0.003540, 0.003838, 0.000100, 
            0.007150, 0.981530, 0.005306, 0.006001, 0.000100, 
            0.005889, 0.004967, 0.981493, 0.007639, 0.000100, 
            0.003872, 0.003474, 0.004965, 0.987681, 0.000100, 
            0.009615, 0.009615, 0.009615, 0.009615, 0.961538
   ],

  "maxNotSumTransitions" : true,
  
  "minPartitionsInAColumn" : 100,

  "maxPartitionsInAColumn" : 100,
  
  "minPosteriorProbabilityForPartition" : 0.0,

  "maxCoverageDepth" : 64,

  "minReadCoverageToSupportPhasingBetweenHeterozygousSites" : 2,

  "onDiagonalReadErrorPseudoCount" : 1000,

  "offDiagonalReadErrorPseudoCount" : 10,

  "trainingIterations" : 1,
  
  "estimateReadErrorProbsEmpirically" : false,

  "filterBadReads" : true,
  
  "filterMatchThreshold" : 0.9,

  "useReferencePrior" : true,
  
  "includeInvertedPartitions" : true,
  
  "filterLikelyHomozygousSites" : true,
  
  "minSecondMostFrequentBaseFilter" : 0,
  
  "minSecondMostFrequentBaseLogProbFilter" : 20,
  
  "gapCharactersForDeletions" : false,
  
  "filterAReadWithAnyOneOfTheseSamFlagsSet" : 3840,

  "compareVCFs" : true,

  "verbose" : "11"
}