{
  "alphabet" : [ "Aa", "Cc", "Gg", "Tt", "-" ],

  "wildcard" : "Nn",

  "haplotypeSubstitutionModel" : [
            0.999, 0.000323, 0.000323, 0.000323, 0.00003,
            0.000323, 0.999, 0.000323, 0.000323, 0.00003,
            0.000323, 0.000323, 0.999, 0.000323, 0.00003,
            0.000323, 0.000323, 0.000323, 0.999, 0.00003,
            0.00025, 0.00025, 0.00025, 0.00025, 0.999 
  ],

  "readErrorModel" : [
            0.945871,  0.006241,  0.004307,  0.004750,  0.038831, 
            0.008368,  0.923584,  0.005921,  0.006891,  0.055236, 
            0.006776,  0.005770,  0.922170,  0.008721,  0.056563, 
            0.004685,  0.004207,  0.006122,  0.945067,  0.039919, 
            0.000025,  0.000025,  0.000025,  0.000025,  0.9999 
   ],

  "maxNotSumTransitions" : true,
  
  "minPartitionsInAColumn" : 100,

  "maxPartitionsInAColumn" : 100,
  
  "minPosteriorProbabilityForPartition" : 0.0,

  "maxCoverageDepth" : 64,

  "minReadCoverageToSupportPhasingBetweenHeterozygousSites" : 2,

  "onDiagonalReadErrorPseudoCount" : 1000,

  "offDiagonalReadErrorPseudoCount" : 10,

  "trainingIterations" : 1,
  
  "estimateReadErrorProbsEmpirically" : false,

  "filterBadReads" : true,
  
  "filterMatchThreshold" : 0.9,

  "useReferencePrior" : true,
  
  "includeInvertedPartitions" : true,
  
  "filterLikelyHomozygousSites" : true,
  
  "minSecondMostFrequentBaseFilter" : 0,
  
  "minSecondMostFrequentBaseLogProbFilter" : 20,
  
  "gapCharactersForDeletions" : true,
  
  "filterAReadWithAnyOneOfTheseSamFlagsSet" : 3840,

  "compareVCFs" : true,
  
  "roundsOfIterativeRefinement": 10,

  "verbose" : "00"
}