{
  "alphabet" : [ "Aa", "Cc", "Gg", "Tt", "-" ],

  "wildcard" : "Nn",

  "haplotypeSubstitutionModel" : [
            0.999, 0.000323, 0.000323, 0.000323, 0.00003,
            0.000323, 0.999, 0.000323, 0.000323, 0.00003,
            0.000323, 0.000323, 0.999, 0.000323, 0.00003,
            0.000323, 0.000323, 0.000323, 0.999, 0.00003,
            0.00025, 0.00025, 0.00025, 0.00025, 0.999 
  ],

  "readErrorModel" : [
            0.987769,  0.005156,  0.003205,  0.003863,  0.000100, 
            0.006731,  0.982770,  0.004853,  0.005634,  0.000100, 
            0.005139,  0.004869,  0.982937,  0.007043,  0.000100, 
            0.003802,  0.003344,  0.005173,  0.987674,  0.000100, 
            0.2,  0.2,  0.2,  0.2,  0.2
   ],

  "maxNotSumTransitions" : true,
  
  "minPartitionsInAColumn" : 100,

  "maxPartitionsInAColumn" : 100,
  
  "minPosteriorProbabilityForPartition" : 0.0,

  "maxCoverageDepth" : 64,

  "minReadCoverageToSupportPhasingBetweenHeterozygousSites" : 2,

  "onDiagonalReadErrorPseudoCount" : 1000,

  "offDiagonalReadErrorPseudoCount" : 10,

  "trainingIterations" : 0,
  
  "estimateReadErrorProbsEmpirically" : false,

  "filterBadReads" : true,
  
  "filterMatchThreshold" : 0.9,

  "useReferencePrior" : false,
  
  "includeInvertedPartitions" : true,
  
  "filterLikelyHomozygousSites" : true,
  
  "minSecondMostFrequentBaseFilter" : 0,
  
  "minSecondMostFrequentBaseLogProbFilter" : 20,
  
  "gapCharactersForDeletions" : true,
  
  "filterAReadWithAnyOneOfTheseSamFlagsSet" : 3840,

  "compareVCFs" : true,
  
  "roundsOfIterativeRefinement": 10,

  "verbose" : 0
}
